Programa,Fines de Aprendizaje del Programa,Semestre,Clave de UF (GCA),Unidad de Formación,Tipo de UF,Semanas de la UF,Créditos Académicos de la UF,Criterios de Evaluación,Tipo de Evaluación,Formato de Impartición,"Otras Propiedades (ED, LAB, SOS, SH)",Competencia común ,Clave de la competencia,Disciplina de la Competencia,Nombre de la competencia,Descripción de la competencia,Subcompetencia común,Clave de la subcompetencia,Disciplina de la Subcompetencia,Nombre de la subcompetencia,Descripción de la subcompetencia,Elemento común,Clave del elemento,Elemento (Fin de Aprendizaje de la UF),Temas,Duración del Tema,Subtemas
ARQ26,Developing systemic thinking and grounding design proposals through the application of principles from the theory and history of architecture and city,6,,Constructibility,Subject,['6'],['6'],,Development,On-Site,,['6'],PR-ARQ26-0H10000,,Theoretical and Historical Fundamentals,Foundate your design proposals through the application of principles from architecture and urban planning theory and history from diverse inclusion perspectives.,['6'],['PR-ARQ26-0H10000'],,Research,"Develops research for the construction of proposals, projects or products using diverse methodologies and technological tools.",['6'],['PR-ARQ26-0H10000'],Develop problem-solving skills.,Introduction to Complex Systems.,['6'],
['ARQ26'],['Developing systemic thinking and grounding design proposals through the application of principles from the theory and history of architecture and city'],['6'],,['Constructibility'],['Subject'],['6'],['6'],,['Development'],['On-Site'],,['6'],['PR-ARQ26-0H10000'],,['Theoretical and Historical Fundamentals'],['Foundate your design proposals through the application of principles from architecture and urban planning theory and history from diverse inclusion perspectives.'],['6'],['PR-ARQ26-0H10000'],,['Research'],"['Develops research for the construction of proposals, projects or products using diverse methodologies and technological tools.']",['6'],['PR-ARQ26-0H10000'],Critical Analysis and Problem Solving.,Information Synthesis Techniques.,['6'],
Program,Learning Outcomes of the Program,Semester,GCA Key for Learning Unit (UF),Learning Unit,Type of Learning Unit,Weeks of the UF,Academic Credits of the UF,Assessment Criteria,Type of Evaluation,Teaching Format,"Other Properties (ED, LAB, SOS, SH)",Common Competence,Key of the Competence,Subject of Competition,Competition Name,Description of the competition,Common Sub-Competence,['Key of the Competence'],Discipline of the Sub-Competence,['Competition Name'],['Description of the competition'],Common Element,Element Key,Learning Element (End of Learning at the UF),Topics,Duration of the Theme,Subjects
['ARQ26'],Develop skills for designing and constructing sustainable and resource-efficient architectural spaces in terms of energy.,['6'],,Sustainable Design,['Subject'],['6'],['6'],,Implementation,['On-Site'],,['6'],['PR-ARQ26-0H10000'],,Prácticas de Edificación Sostenible,Apply sustainable design principles in building construction and architectural spaces.,['6'],['PR-ARQ26-0H10000'],,Investigación y Desarrollo,Develop research projects to improve energy efficiency and reduce environmental impact in construction.,['6'],PR-ARQ27-010101,Desarrollo para la Sustentabilidad.,Evaluation of Environmental Effects,['6'],
['ARQ26'],['Develop skills for designing and constructing sustainable and resource-efficient architectural spaces in terms of energy.'],['6'],,['Sustainable Design'],['Subject'],['6'],['6'],,['Implementation'],['On-Site'],,['6'],['PR-ARQ26-0H10000'],,['Prácticas de Edificación Sostenible'],['Apply sustainable design principles in building construction and architectural spaces.'],['6'],['PR-ARQ26-0H10000'],,['Investigación y Desarrollo'],['Develop research projects to improve energy efficiency and reduce environmental impact in construction.'],['6'],['PR-ARQ27-010101'],Selection of Sustainable Materials,Building Information Modelling,['6'],['Program']
INGE26,Design and develop automation systems for industrial process control and monitoring.,['6'],,Analysis of Circuits,['Subject'],['6'],['6'],,['Development'],['On-Site'],,['6'],PR-INGE26-0A1B001,,Fundamentals of Electronics,Foundations of Design Proposal based on the application of principles from Electronics and Automation.,['6'],['PR-INGE26-0A1B001'],,['Research'],"['Develops research for the construction of proposals, projects or products using diverse methodologies and technological tools.']",['6'],['PR-INGE26-0A1B001'],Developing Systemic Thinking.,Automated System Design.,['6'],
['INGE26'],Development of Electronic Prototypes for Industrial Process Measurement and Control Instrumentation Design.,['6'],,['Analysis of Circuits'],['Subject'],['6'],['6'],,['Development'],['On-Site'],,['6'],['PR-INGE26-0A1B001'],,['Fundamentals of Electronics'],['Foundations of Design Proposal based on the application of principles from Electronics and Automation.'],['6'],['PR-INGE26-0A1B001'],,['Research'],"['Develops research for the construction of proposals, projects or products using diverse methodologies and technological tools.']",['6'],['PR-INGE26-0A1B001'],Design and develop prototypes.,Electronic Circuit Analysis,['6'],['Program']
['ARQ26'],Developing skills for analyzing and designing effective information systems.,['6'],,Design of Systems,['Subject'],['6'],['6'],,['Development'],['On-Site'],,['6'],['PR-INGE26-0A1B001'],,['Theoretical and Historical Fundamentals'],Ground your design proposals through the application of principles from the theory and history of computer science.,['6'],PR-INF26-0A10002,,['Research'],"['Develops research for the construction of proposals, projects or products using diverse methodologies and technological tools.']",['6'],['PR-INF26-0A10002'],['Developing Systemic Thinking.'],System Requirements Analysis,['6'],
['ARQ26'],Designing an Information Systems (IS) framework that meets the needs of users.,['6'],,['Design of Systems'],['Subject'],['6'],['6'],,['Development'],['On-Site'],,['6'],['PR-INF26-0A10002'],,['Theoretical and Historical Fundamentals'],['Ground your design proposals through the application of principles from the theory and history of computer science.'],['6'],['PR-INF26-0A10002'],,['Research'],"['Develops research for the construction of proposals, projects or products using diverse methodologies and technological tools.']",['6'],['PR-INF26-0A10002'],['Developing Systemic Thinking.'],User Interface Design,['6'],['Program']
['INGE26'],Developing skills for analyzing and solving problems in the field of computer engineering.,['6'],,Algorithms,['Subject'],['6'],['6'],,['Development'],['On-Site'],,['6'],PR-IN29-0B10000,,Algorithm Analysis,Complexity Theory Applied to Evaluate and Compare Different Algorithms,['6'],['PR-IN29-0B10000'],,['Research'],Designs and implements solutions for specific problems using programming languages.,['6'],['PR-IN29-0B10000'],Developing Logical Reasoning Ability.,Data Structures.,['6'],
['INGE26'],Design and Develop Efficient and Scalable Information Systems.,['6'],,['Algorithms'],['Subject'],['6'],['6'],,['Development'],['On-Site'],,['6'],['PR-IN29-0B10000'],,['Algorithm Analysis'],['Complexity Theory Applied to Evaluate and Compare Different Algorithms'],['6'],['PR-INF26-0A10002'],,['Research'],['Designs and implements solutions for specific problems using programming languages.'],['6'],['PR-IN29-0B10000'],Develop Critical Thinking Skills,Operating Systems,['6'],['Program']
['INGE26'],Design and develop information systems for decision-making.,['6'],,Analysis,['Subject'],['6'],['6'],,['Development'],['On-Site'],,['6'],['PR-IN29-0B10000'],,['Theoretical and Historical Fundamentals'],Ground your design proposals by applying the principles of engineering and information theory from diverse inclusive perspectives.,['6'],['PR-INGE26-0A1B001'],,['Research'],"['Develops research for the construction of proposals, projects or products using diverse methodologies and technological tools.']",['6'],PR-INGE28-0B10002,['Developing Systemic Thinking.'],System Modeling Techniques.,['6'],
['INGE26'],['Design and develop information systems for decision-making.'],['6'],,['Analysis'],['Subject'],['6'],['6'],,['Development'],['On-Site'],,['6'],['PR-INGE28-0B10002'],,['Theoretical and Historical Fundamentals'],['Ground your design proposals by applying the principles of engineering and information theory from diverse inclusive perspectives.'],['6'],['PR-INGE28-0B10002'],,['Research'],"['Develops research for the construction of proposals, projects or products using diverse methodologies and technological tools.']",['6'],['PR-INGE28-0B10002'],['Developing Systemic Thinking.'],Data Analysis and Visualization.,['6'],['Program']
['INGE26'],Developing Effective Communication Skills in English for Interacting with Native and Non-Native Speakers.,['6'],,Communication,['Subject'],['6'],['6'],,['Development'],Online,,['6'],PR-INGL-0B1A001,,Linguistic Foundation,Ground your communication proposals through the application of principles of English grammar and phonetics.,['6'],['PR-INGL-0B1A001'],,['Research'],"['Develops research for the construction of proposals, projects or products using diverse methodologies and technological tools.']",['6'],['PR-INGL-0B1A001'],Audio Development,Active Listening Techniques.,['6'],
['INGE26'],Analyze and comprehend texts in English to apply knowledge in various contexts.,['6'],,['Communication'],['Subject'],['6'],['6'],,['Development'],['Online'],,['6'],['PR-INGL-0B1A001'],,['Linguistic Foundation'],['Ground your communication proposals through the application of principles of English grammar and phonetics.'],['6'],['PR-INGL-0B1A001'],,['Research'],"['Develops research for the construction of proposals, projects or products using diverse methodologies and technological tools.']",['6'],['PR-INGL-0B1A001'],Develop Reading Comprehension,Complex Text Analysis.,['6'],['Program']
['INGE26'],Develop skills for analysis and problem-solving in engineering.,['6'],,Calculator,['Subject'],['6'],['6'],,['Development'],['On-Site'],,['6'],['PR-INGE26-0A1B001'],,Foundations of Engineering,Ground your design proposals by applying the principles of engineering theory and history from different inclusion perspectives.,['6'],['PR-INGE26-0A1B001'],,['Research'],"['Develops research for the construction of proposals, projects or products using diverse methodologies and technological tools.']",['6'],['PR-INGE26-0A1B001'],['Developing Systemic Thinking.'],['Information Synthesis Techniques.'],['6'],
['INGE26'],Design Systems for Engineering Problem-Solving,['6'],,['Calculator'],['Subject'],['6'],['6'],,['Development'],['On-Site'],,['6'],['PR-INGE26-0A1B001'],,['Foundations of Engineering'],['Ground your design proposals by applying the principles of engineering theory and history from different inclusion perspectives.'],['6'],['PR-INGE26-0A1B001'],,['Research'],"['Develops research for the construction of proposals, projects or products using diverse methodologies and technological tools.']",['6'],['PR-INGE26-0A1B001'],['Developing Systemic Thinking.'],Complex Systems Analysis.,['6'],['Program']
['ARQ26'],Design and develop computer solutions for complex problems.,['6'],,['Algorithms'],['Subject'],['6'],['6'],,['Development'],['On-Site'],,['6'],['PR-INGE26-0A1B001'],,['Theoretical and Historical Fundamentals'],Underpin your design proposals by applying the principles of computer science theory and history from different inclusion perspectives.,['6'],['PR-INGE26-0A1B001'],,['Research'],"['Develops research for the construction of proposals, projects or products using diverse methodologies and technological tools.']",['6'],['PR-INGE26-0A1B001'],['Developing Systemic Thinking.'],['Information Synthesis Techniques.'],['6'],
['ARQ26'],Design information systems for solving complex problems in intricate environments.,['6'],,['Algorithms'],['Subject'],['6'],['6'],,['Development'],['On-Site'],,['6'],['PR-INGE26-0A1B001'],,['Theoretical and Historical Fundamentals'],['Underpin your design proposals by applying the principles of computer science theory and history from different inclusion perspectives.'],['6'],['PR-INGE26-0A1B001'],,['Research'],"['Develops research for the construction of proposals, projects or products using diverse methodologies and technological tools.']",['6'],['PR-INGE26-0A1B001'],['Developing Systemic Thinking.'],['Complex Systems Analysis.'],['6'],['Program']
['INGE26'],Develop skills for analyzing and solving problems in the field of software engineering.,['6'],,['Algorithms'],['Subject'],['6'],['6'],,['Development'],['On-Site'],,['6'],['PR-INGL-0B1A001'],,['Algorithm Analysis'],Software Engineering Problem Solving Algorithms Design,['6'],['PR-INGL-0B1A001'],,['Research'],Conduct research on specific problems in the field of software engineering.,['6'],['PR-INGL-0B1A001'],Develop programming skills.,Advanced Programming Techniques,['6'],
['INGE26'],Design and develop innovative solutions in the field of software engineering.,['6'],,['Algorithms'],['Subject'],['6'],['6'],,['Development'],['On-Site'],,['6'],['PR-INGL-0B1A001'],,['Algorithm Analysis'],['Software Engineering Problem Solving Algorithms Design'],['6'],['PR-INGL-0B1A001'],,['Research'],['Conduct research on specific problems in the field of software engineering.'],['6'],['PR-INGL-0B1A001'],['Develop programming skills.'],Software Development Projects,['6'],['Program']
['ARQ26'],Computer Systems Analysis and Design.,['6'],,['Development'],['Subject'],['6'],['6'],,['Development'],['On-Site'],,['6'],['PR-INF26-0A10002'],,['Theoretical and Historical Fundamentals'],Ground your design proposals by applying the principles of computer science and information theory from diverse inclusive perspectives.,['6'],['PR-INF26-0A10002'],,['Research'],"['Develops research for the construction of proposals, projects or products using diverse methodologies and technological tools.']",['6'],['PR-INF26-0A10002'],['Developing Systemic Thinking.'],['Introduction to Complex Systems.'],['6'],
['ARQ26'],Design and Implement Effective Algorithms for Specific Problems.,['6'],,['Development'],['Subject'],['6'],['6'],,['Development'],['On-Site'],,['6'],['PR-INF26-0A10002'],,['Theoretical and Historical Fundamentals'],['Ground your design proposals by applying the principles of computer science and information theory from diverse inclusive perspectives.'],['6'],['PR-INF26-0A10002'],,['Research'],"['Develops research for the construction of proposals, projects or products using diverse methodologies and technological tools.']",['6'],['PR-INF26-0A10002'],['Developing Systemic Thinking.'],['Information Synthesis Techniques.'],['6'],['Program']
['ARQ26'],Develop programming and data analysis skills to solve business problems.,['6'],,['Algorithms'],['Subject'],['6'],['6'],,['Development'],['On-Site'],,['6'],['PR-INGE26-0A1B001'],,['Theoretical and Historical Fundamentals'],Ground your design proposals through the application of principles from programming theory and data analysis history.,['6'],['PR-INF26-0A10002'],,['Research'],"Develops research for the construction of solutions, projects or products using various methodologies and technological tools.",['6'],PR-ING26-0I1A003,['Developing Systemic Thinking.'],['Complex Text Analysis.'],['6'],
['ARQ26'],Develop innovative solutions using programming tools and languages in the business environment.,['6'],,['Algorithms'],['Subject'],['6'],['6'],,['Development'],['On-Site'],,['6'],['PR-ING26-0I1A003'],,['Theoretical and Historical Fundamentals'],['Ground your design proposals through the application of principles from programming theory and data analysis history.'],['6'],['PR-ING26-0I1A003'],,['Research'],"['Develops research for the construction of solutions, projects or products using various methodologies and technological tools.']",['6'],['PR-ING26-0I1A003'],['Developing Systemic Thinking.'],Design of Efficient Algorithms.,['6'],['Program']
Software Engineering,Develop skills for analyzing and designing computer solutions.,['6'],,Requirements Analysis,['Subject'],['6'],['6'],,['Development'],Virtual,,['6'],['PR-INGE28-0B10002'],,['Theoretical and Historical Fundamentals'],Base Foundations of Your Design Proposals through the Application of Principles from Software Theory and History,['6'],['PR-INGE28-0B10002'],,['Research'],Develop investigations for the construction of software solutions using various methodologies and technological tools.,['6'],['PR-INGE28-0B10002'],['Developing Systemic Thinking.'],Software Design Techniques,['6'],
['Software Engineering'],Develop skills for implementing and testing computer solutions.,['6'],,['Requirements Analysis'],['Subject'],['6'],['6'],,['Development'],['Virtual'],,['6'],['PR-INGE28-0B10002'],,['Theoretical and Historical Fundamentals'],['Base Foundations of Your Design Proposals through the Application of Principles from Software Theory and History'],['6'],['PR-INGE28-0B10002'],,['Research'],['Develop investigations for the construction of software solutions using various methodologies and technological tools.'],['6'],['PR-INGE28-0B10002'],['Developing Systemic Thinking.'],Software Testing and Debugging.,['6'],['Program']
['ARQ26'],Complex Problem Analysis and Resolution using Programming Languages,['6'],,['Algorithms'],['Subject'],['6'],['6'],,['Development'],['On-Site'],,['6'],['PR-INF26-0A10002'],,['Theoretical and Historical Fundamentals'],Foundational principles for your design proposals through the application of the principles of computer science theory and history.,['6'],['PR-INF26-0A10002'],,['Research'],Develop research for the construction of algorithms and programs using various methodologies and technological tools.,['6'],['PR-INF26-0A10002'],['Developing Systemic Thinking.'],['Information Synthesis Techniques.'],['6'],
['ARQ26'],Design and Implement Secure and Scalable Information Systems,['6'],,Systems of Information,['Subject'],['6'],['6'],,['Development'],['On-Site'],,['6'],['PR-INF26-0A10002'],,['Theoretical and Historical Fundamentals'],['Foundational principles for your design proposals through the application of the principles of computer science theory and history.'],['6'],['PR-INF26-0A10002'],,['Research'],Develop research for the construction of information systems using diverse methodologies and technological tools.,['6'],['PR-INF26-0A10002'],['Developing Systemic Thinking.'],['Complex Systems Analysis.'],['6'],['Program']
POLI26,Develop skills for analyzing and evaluating public policies.,['6'],,Political Analysis,['Subject'],['6'],['6'],,['Development'],['On-Site'],,['6'],PR-POLI26-0A10001,,['Theoretical and Historical Fundamentals'],Ground your analysis of public policies through the application of principles from theory and history of public policy from diverse perspectives.,['6'],['PR-POLI26-0A10001'],,['Research'],"['Develops research for the construction of proposals, projects or products using diverse methodologies and technological tools.']",['6'],['PR-POLI26-0A10001'],Develop Critical Thinking.,['Information Synthesis Techniques.'],['6'],
['POLI26'],Design and Implement Public Policies That Promote Social Welfare.,['6'],,['Political Analysis'],['Subject'],['6'],['6'],,['Development'],['On-Site'],,['6'],['PR-POLI26-0A10001'],,['Theoretical and Historical Fundamentals'],Ground your public policy proposals by applying the principles of theory and history of public policy from different perspectives.,['6'],['PR-POLI26-0A10001'],,['Research'],"['Develops research for the construction of proposals, projects or products using diverse methodologies and technological tools.']",['6'],['PR-POLI26-0A10001'],['Developing Systemic Thinking.'],['Complex Systems Analysis.'],['6'],['Program']
['POLI26'],Develop skills for analyzing and resolving complex political problems.,['6'],,['Political Analysis'],['Subject'],['6'],['6'],,['Development'],['On-Site'],,['6'],PR-POLIT27-0B1A001,,['Theoretical and Historical Fundamentals'],Ground your proposals for public policies by applying the principles of political theory and history from different perspectives.,['6'],['PR-POLIT27-0B1A001'],,['Research'],"['Develops research for the construction of proposals, projects or products using diverse methodologies and technological tools.']",['6'],['PR-POLIT27-0B1A001'],['Develop Critical Thinking.'],Political Information Analysis.,['6'],
['POLI26'],Decision Making Principles and Values in Political Governance,['6'],,['Political Analysis'],['Subject'],['6'],['6'],,['Development'],['On-Site'],,['6'],['PR-POLIT27-0B1A001'],,['Theoretical and Historical Fundamentals'],['Ground your proposals for public policies by applying the principles of political theory and history from different perspectives.'],['6'],['PR-POLIT27-0B1A001'],,['Research'],"['Develops research for the construction of proposals, projects or products using diverse methodologies and technological tools.']",['6'],['PR-POLIT27-0B1A001'],['Develop Critical Thinking.'],Political Impact Analysis.,['6'],
CIEN22,Develop skills for analyzing and resolving complex scientific problems.,['6'],,Physics,['Subject'],['6'],['6'],,['Development'],['On-Site'],,['6'],PR-SCI22-0C1B001,,['Theoretical and Historical Fundamentals'],Foundate your research proposals on scientific investigation by applying the principles of scientific theory and history from different perspectives.,['6'],['PR-SCI22-0C1B001'],,['Research'],"['Develops research for the construction of proposals, projects or products using diverse methodologies and technological tools.']",['6'],['PR-SCI22-0C1B001'],Developing Scientific Thinking.,Scientific Information Synthesis Techniques.,['6'],
['CIEN22'],Apply principles of experimentation and design to resolve scientific problems.,['6'],,['Physics'],['Subject'],['6'],['6'],,['Development'],['On-Site'],,['6'],['PR-SCI22-0C1B001'],,['Theoretical and Historical Fundamentals'],['Foundate your research proposals on scientific investigation by applying the principles of scientific theory and history from different perspectives.'],['6'],['PR-SCI22-0C1B001'],,['Research'],"['Develops research for the construction of proposals, projects or products using diverse methodologies and technological tools.']",['6'],['PR-SCI22-0C1B001'],Developing Experimental Thinking.,Scientific Data Analysis,['6'],['Program']
['POLI26'],Analyze and develop public policies that address global challenges.,['6'],,['Political Analysis'],['Subject'],['6'],['6'],,['Development'],['On-Site'],,['6'],PR-POLI-0B1A0001,,Theory of Politics,Ground your political analyses by applying the principles of political theory from different perspectives.,['6'],['PR-POLI-0B1A0001'],,['Research'],"['Develops research for the construction of proposals, projects or products using diverse methodologies and technological tools.']",['6'],['PR-POLI-0B1A0001'],Developing Critical Thinking Ability,Statistical Data Analysis,['6'],
['POLI26'],Designing and implementing public policies that promote sustainable development.,['6'],,['Political Analysis'],['Subject'],['6'],['6'],,['Development'],['On-Site'],,['6'],['PR-POLI-0B1A0001'],,['Theory of Politics'],['Ground your political analyses by applying the principles of political theory from different perspectives.'],['6'],['PR-POLI-0B1A0001'],,['Research'],"['Develops research for the construction of proposals, projects or products using diverse methodologies and technological tools.']",['6'],['PR-POLI-0B1A0001'],['Developing Critical Thinking Ability'],['Information Synthesis Techniques.'],['6'],
['CIEN22'],Develop scientific methods to solve complex problems.,['6'],,Scientific Methodology,['Subject'],['6'],['6'],,['Development'],['On-Site'],,['6'],PR-CIEN-0B2A0001,,Science Theory,Ground your scientific analyses through the application of principles from different perspectives of science theory.,['6'],['PR-CIEN-0B2A0001'],,['Research'],"['Develops research for the construction of proposals, projects or products using diverse methodologies and technological tools.']",['6'],['PR-CIEN-0B2A0001'],['Developing Systemic Thinking.'],['Complex Systems Analysis.'],['6'],['Program']
['POLI26'],Political and Social Problem Analysis and Resolution in the Mexican Context.,['6'],,Constitutional Law,['Subject'],['6'],['6'],,['Development'],['On-Site'],,['6'],['PR-POLI26-0A10001'],,['Theoretical and Historical Fundamentals'],"Country Evolution, Politics, and Social Development from Independence to Present Day",['6'],['PR-POLI26-0A10001'],,['Research'],Develops research on political and social issues using various methodologies and technological tools.,['6'],['PR-POLI26-0A10001'],Develop effective communication skills.,Mexican Public Policy Analysis,['6'],
['POLI26'],Design and Implement Public Policies that Ensure Social and Economic Well-being in Mexico.,['6'],,Political Economy,['Subject'],['6'],['6'],,['Development'],['On-Site'],,['6'],['PR-POLI26-0A10001'],,['Theoretical and Historical Fundamentals'],Economic Evolution of the Country from Independence to the Present Day,['6'],['PR-POLI26-0A10001'],,['Research'],Develop research on economic and social topics using various methodologies and technological tools.,['6'],['PR-POLI26-0A10001'],Develop critical thinking skills.,Assessment of Public Policies in Mexico.,['6'],['Program']
['POLI26'],['Develop skills for analyzing and resolving complex political problems.'],['6'],,Critical Policy Analysis,Politics,['6'],['6'],,['Development'],['On-Site'],,['6'],['PR-POLI26-0A10001'],,['Theoretical and Historical Fundamentals'],Ground your political arguments using relevant concepts and theories.,['6'],['PR-POLI26-0A10001'],,['Research'],"Develop research for the construction of proposals, projects or products related to policy.",['6'],['PR-POLI26-0A10001'],['Develop Critical Thinking.'],['Statistical Data Analysis'],['6'],
['POLI26'],Applying Political Concepts and Theories to Develop Innovative Solutions to Social Problems.,['6'],,['Critical Policy Analysis'],['Politics'],['6'],['6'],,['Development'],['On-Site'],,['6'],['PR-POLI26-0A10001'],,['Theoretical and Historical Fundamentals'],['Ground your political arguments using relevant concepts and theories.'],['6'],['PR-POLI26-0A10001'],,['Research'],"['Develop research for the construction of proposals, projects or products related to policy.']",['6'],['PR-POLI26-0A10001'],Developing innovative thinking.,Public Policy Design,['6'],
['CIEN22'],['Develop skills for analyzing and resolving complex scientific problems.'],['6'],,Scientific Method,Science,['6'],['6'],,['Development'],['On-Site'],,['6'],PR-CIEN22-0A2C001,,['Theoretical and Historical Fundamentals'],Ground your scientific arguments using relevant concepts and theories.,['6'],['PR-CIEN22-0A2C001'],,['Research'],"Develop research for the construction of proposals, projects or products related to science.",['6'],['PR-CIEN22-0A2C001'],['Develop Critical Thinking.'],['Statistical Data Analysis'],['Program'],['Learning Outcomes of the Program']
['POLI26'],Effective Public Policy Analysis and Design,['6'],,Public Policy,['Subject'],['6'],['6'],,['Development'],['On-Site'],,['6'],['PR-POLI26-0A10001'],,Analysis of Socio-Political Problems,Causes of Social and Political Problems at the Local Level,National and International.,['6'],['PR-POLI26-0A10001'],,['Research'],Develops research on the implementation of public policies in different contexts.,['6'],['PR-POLI26-0A10001'],Developing skills for effective communication.,Presentation and Project Defense Techniques.,['6']
['POLI26'],Assessment of Public Policy Impact on Society.,['6'],,['Public Policy'],['Subject'],['6'],['6'],,['Development'],['On-Site'],,['6'],['PR-POLI26-0A10001'],,['Analysis of Socio-Political Problems'],['Causes of Social and Political Problems at the Local Level'],['National and International.'],['6'],['PR-POLI26-0A10001'],,['Research'],Develop research on assessing the impact of public policies in various contexts.,['6'],['PR-POLI26-0A10001'],['Developing skills for effective communication.'],Data Analysis and Statistics,['6']
['CIEN22'],Mathematical Modeling and Its Application in Scientific Problem-Solving.,['6'],,Physics Sciences,['Subject'],['6'],['6'],,['Development'],['On-Site'],,['6'],PR-SCI22-0A20000,,['Complex Systems Analysis.'],"Systems Complexity, Variables Influencing Them",['6'],['PR-SCI22-0A20000'],,['Research'],Develops research on the application of mathematical models to solve scientific problems.,['6'],['PR-SCI22-0A20000'],['Developing skills for effective communication.'],['Presentation and Project Defense Techniques.'],['6'],
['INGE26'],Industrial Automation System Design and Development,['6'],,Industrial Engineering,['Subject'],['6'],['6'],,['Development'],['On-Site'],,['6'],PR-INGE32-0A30000,,Industrial Process Analysis,Process Analysis and Identification of Influencing Variables,['6'],['PR-INGE32-0A30000'],,['Research'],Develop investigations on the application of industrial automation technologies.,['6'],['PR-INGE32-0A30000'],['Developing skills for effective communication.'],Design and Development of Prototypes.,['6'],['Program']
['POLI26'],['Effective Public Policy Analysis and Design'],['6'],,['Public Policy'],['Subject'],['6'],['6'],,['Development'],['On-Site'],,['6'],['PR-POLI26-0A10001'],,['Analysis of Socio-Political Problems'],['Causes of Social and Political Problems at the Local Level'],['National and International.'],['6'],['PR-POLI26-0A10001'],,['Research'],['Develops research on the implementation of public policies in different contexts.'],['6'],['PR-POLI26-0A10001'],['Developing skills for effective communication.'],['Presentation and Project Defense Techniques.'],['6']
['POLI26'],['Assessment of Public Policy Impact on Society.'],['6'],,['Public Policy'],['Subject'],['6'],['6'],,['Development'],['On-Site'],,['6'],['PR-POLI26-0A10001'],,['Analysis of Socio-Political Problems'],['Causes of Social and Political Problems at the Local Level'],['National and International.'],['6'],['PR-POLI26-0A10001'],,['Research'],['Develop research on assessing the impact of public policies in various contexts.'],['6'],['PR-POLI26-0A10001'],['Developing skills for effective communication.'],['Data Analysis and Statistics'],['6']
['CIEN22'],['Mathematical Modeling and Its Application in Scientific Problem-Solving.'],['6'],,['Physics Sciences'],['Subject'],['6'],['6'],,['Development'],['On-Site'],,['6'],['PR-SCI22-0A20000'],,['Complex Systems Analysis.'],"['Systems Complexity, Variables Influencing Them']",['6'],['PR-SCI22-0A20000'],,['Research'],['Develops research on the application of mathematical models to solve scientific problems.'],['6'],['PR-SCI22-0A20000'],['Developing skills for effective communication.'],['Presentation and Project Defense Techniques.'],['6'],
['INGE26'],['Industrial Automation System Design and Development'],['6'],,['Industrial Engineering'],['Subject'],['6'],['6'],,['Development'],['On-Site'],,['6'],['PR-INGE32-0A30000'],,['Industrial Process Analysis'],['Process Analysis and Identification of Influencing Variables'],['6'],['PR-INGE32-0A30000'],,['Research'],['Develop investigations on the application of industrial automation technologies.'],['6'],['PR-INGE32-0A30000'],['Developing skills for effective communication.'],['Design and Development of Prototypes.'],['6'],['Program']
['POLI26'],Critical and Creative Analysis of Public Policies for Addressing Social Challenges.,['6'],,Assessment of Policies,['Subject'],['6'],['6'],,['Development'],['On-Site'],,['6'],PR-POL24-0P1A001,,['Theoretical and Historical Fundamentals'],Ground your policy proposals through the application of principles from public policy theory and government management history from different inclusion perspectives.,['6'],['PR-POL24-0P1A001'],,['Research'],"['Develops research for the construction of proposals, projects or products using diverse methodologies and technological tools.']",['6'],['PR-POL24-0P1A001'],['Developing Systemic Thinking.'],Complex Public Policy Analysis.,['6'],
['POLI26'],Social Program Design and Evaluation for Public Health Problem Solving.,['6'],,['Assessment of Policies'],['Subject'],['6'],['6'],,['Development'],['On-Site'],,['6'],['PR-POL24-0P1A001'],,['Theoretical and Historical Fundamentals'],['Ground your policy proposals through the application of principles from public policy theory and government management history from different inclusion perspectives.'],['6'],['PR-POL24-0P1A001'],,['Research'],"['Develops research for the construction of proposals, projects or products using diverse methodologies and technological tools.']",['6'],['PR-POL24-0P1A001'],['Developing Systemic Thinking.'],Public Health Data Analysis,['6'],['Program']
['POLI26'],Analyze and Evaluate Public Policies for Effective Decision-Making in Local and National Settings.,['6'],,['Political Analysis'],['Subject'],['6'],['6'],,['Development'],['On-Site'],,['6'],['PR-POLI26-0A10001'],,['Theoretical and Historical Fundamentals'],Foundational Public Policy from a Critical and Analytical Perspective.,['6'],['PR-POL24-0P1A001'],,['Research'],Conduct research for the evaluation of public policies and propose improvements.,['6'],['PR-POL24-0P1A001'],['Develop Critical Thinking.'],Data Analysis for Decision Making,['6'],
['POLI26'],Design and Implement Public Policy Programs That Solve Social and Environmental Problems.,['6'],,['Political Analysis'],['Subject'],['6'],['6'],,['Development'],['On-Site'],,['6'],['PR-POL24-0P1A001'],,['Theoretical and Historical Fundamentals'],['Foundational Public Policy from a Critical and Analytical Perspective.'],['6'],['PR-POL24-0P1A001'],,['Research'],['Conduct research for the evaluation of public policies and propose improvements.'],['6'],['PR-POL24-0P1A001'],['Developing Systemic Thinking.'],['Complex Systems Analysis.'],['6'],['Program']
['ARQ26'],Policy Public Problem Analysis and Resolution.,['6'],,Design of Policies,['Subject'],['6'],['6'],,['Development'],['Virtual'],,['6'],['PR-POLI26-0A10001'],,['Theoretical and Historical Fundamentals'],Foundations of your design proposals should be based on the application of principles from theory and history of public policy from different inclusion perspectives.,['6'],['PR-INF26-0A10002'],,['Research'],"['Develops research for the construction of proposals, projects or products using diverse methodologies and technological tools.']",['6'],['PR-POLI26-0A10001'],['Developing Systemic Thinking.'],Public Policy Analysis.,['6'],
['ARQ26'],Design and Evaluation of Public Policies for Social Problem Resolution.,['6'],,['Design of Policies'],['Subject'],['6'],['6'],,['Development'],['On-Site'],,['6'],['PR-POLI26-0A10001'],,['Theoretical and Historical Fundamentals'],['Foundations of your design proposals should be based on the application of principles from theory and history of public policy from different inclusion perspectives.'],['6'],['PR-POLI26-0A10001'],,['Research'],"['Develops research for the construction of proposals, projects or products using diverse methodologies and technological tools.']",['6'],['PR-POLI26-0A10001'],['Developing Systemic Thinking.'],Public Policy Assessment,['6'],
SCI27,BioTechnology Problem Analysis and Resolution.,['6'],,Biotechnology,['Subject'],['6'],['6'],,['Development'],['On-Site'],,['6'],['PR-SCI22-0A20000'],,['Theoretical and Historical Fundamentals'],Foundations of your design proposals shall be grounded through the application of principles from the theory and history of biotechnology from diverse perspectives of inclusion.,['6'],['PR-SCI22-0A20000'],,['Research'],"['Develops research for the construction of proposals, projects or products using diverse methodologies and technological tools.']",['6'],['PR-SCI22-0A20000'],['Developing Systemic Thinking.'],Biotechnology Information Synthesis Techniques.,['6'],
['SCI27'],Biotechnology Product Design and Evaluation for Social Problem Resolution.,['6'],,['Biotechnology'],['Subject'],['6'],['6'],,['Development'],['Virtual'],,['6'],['PR-SCI22-0A20000'],,['Theoretical and Historical Fundamentals'],['Foundations of your design proposals shall be grounded through the application of principles from the theory and history of biotechnology from diverse perspectives of inclusion.'],['6'],['PR-SCI22-0A20000'],,['Research'],"['Develops research for the construction of proposals, projects or products using diverse methodologies and technological tools.']",['6'],['PR-SCI22-0A20000'],['Developing Systemic Thinking.'],Biotechnology Product Evaluation.,['6'],['Program']
Engineering Systems,Develop skills for designing and analyzing complex systems.,['6'],,Systems Analysis,['Subject'],['6'],['6'],,['Development'],['On-Site'],,['6'],PR-ING-SYS-0B1C0001,,['Theoretical and Historical Fundamentals'],Base your design proposals on the application of principles from the theory and history of systems engineering.,['6'],['PR-ING-SYS-0B1C0001'],,['Research'],"['Develops research for the construction of proposals, projects or products using diverse methodologies and technological tools.']",['6'],['PR-ING-SYS-0B1C0001'],['Developing Systemic Thinking.'],['Information Synthesis Techniques.'],['6'],
['Engineering Systems'],Design and Implement Integrated Systems for Problem Resolution.,['6'],,['Systems Analysis'],['Subject'],['6'],['6'],,['Development'],['On-Site'],,['6'],['PR-ING-SYS-0B1C0001'],,['Theoretical and Historical Fundamentals'],['Base your design proposals on the application of principles from the theory and history of systems engineering.'],['6'],['PR-ING-SYS-0B1C0001'],,['Research'],"['Develops research for the construction of proposals, projects or products using diverse methodologies and technological tools.']",['6'],['PR-ING-SYS-0B1C0001'],['Developing Systemic Thinking.'],['Complex Systems Analysis.'],['6'],
